{"polyfill":["/polyfill-de64f5ce0719461fa308.js"],"app":["/app-7feeb90a0001c477827f.js"],"component---src-pages-404-js":["/component---src-pages-404-js-00ebf2483752fb19e699.js"],"component---src-pages-encuestas-js":["/component---src-pages-encuestas-js-d32f7eb1eded606cb969.js"],"component---src-pages-index-js":["/component---src-pages-index-js-f9cefd8192b0a5654140.js"],"component---src-pages-liberal-js":["/component---src-pages-liberal-js-bbc4b3e3aa1a398b8ed3.js"],"component---src-pages-libre-js":["/component---src-pages-libre-js-a93c3924add88e1b5fb1.js"],"component---src-pages-nacional-js":["/component---src-pages-nacional-js-5bd9861194c2ae17deaa.js"],"component---src-pages-partidos-js":["/component---src-pages-partidos-js-4a9a1e931502eeff8cef.js"],"component---src-pages-proyecciones-js":["/component---src-pages-proyecciones-js-4e0a92d85aee85a6ecbc.js"],"component---src-pages-psh-js":["/component---src-pages-psh-js-e0038e7b66c8482bd0dc.js"]}