{"polyfill":["/polyfill-de64f5ce0719461fa308.js"],"app":["/app-b411e166a0b32c43f643.js"],"component---src-pages-404-js":["/component---src-pages-404-js-00ebf2483752fb19e699.js"],"component---src-pages-encuestas-js":["/component---src-pages-encuestas-js-24fb95278c2b7a1faa57.js"],"component---src-pages-index-js":["/component---src-pages-index-js-f9cefd8192b0a5654140.js"],"component---src-pages-liberal-js":["/component---src-pages-liberal-js-e02d9353e1c090b94785.js"],"component---src-pages-libre-js":["/component---src-pages-libre-js-d399efa7791f4b61a53b.js"],"component---src-pages-nacional-js":["/component---src-pages-nacional-js-e24fde08491a1f4c3a68.js"],"component---src-pages-partidos-js":["/component---src-pages-partidos-js-4a9a1e931502eeff8cef.js"],"component---src-pages-proyecciones-js":["/component---src-pages-proyecciones-js-4f657b5cfa64fd189e9d.js"],"component---src-pages-psh-js":["/component---src-pages-psh-js-e0038e7b66c8482bd0dc.js"]}