{"polyfill":["/polyfill-de64f5ce0719461fa308.js"],"app":["/app-2188c650bed688d87d23.js"],"component---src-pages-404-js":["/component---src-pages-404-js-b1d826305df046c2c918.js"],"component---src-pages-encuestas-js":["/component---src-pages-encuestas-js-1da26df7f7eb02bdbae0.js"],"component---src-pages-index-js":["/component---src-pages-index-js-461f051c64f02f860e94.js"],"component---src-pages-liberal-js":["/component---src-pages-liberal-js-99f39ef2744bcc8e3a2e.js"],"component---src-pages-libre-js":["/component---src-pages-libre-js-1ea5430986bad0417b07.js"],"component---src-pages-mapa-js":["/component---src-pages-mapa-js-45aef9c9b28b595b4e5b.js"],"component---src-pages-nacional-js":["/component---src-pages-nacional-js-9b7a35c540402fc54396.js"],"component---src-pages-partidos-js":["/component---src-pages-partidos-js-6ec29b545bbaff4bed32.js"],"component---src-pages-proyecciones-js":["/component---src-pages-proyecciones-js-f8d3f0a8f214c0b1ac38.js"],"component---src-pages-psh-js":["/component---src-pages-psh-js-e8f7ad8fad5ea201824b.js"]}