{"namedChunkGroups":{"polyfill":{"name":"polyfill","assets":[{"name":"webpack-runtime-a2ee93bab45b13a4b58d.js","size":5702},{"name":"polyfill-de64f5ce0719461fa308.js","size":82602}],"filteredAssets":0,"assetsSize":88304,"filteredAuxiliaryAssets":2,"auxiliaryAssetsSize":222864},"app":{"name":"app","assets":[{"name":"webpack-runtime-a2ee93bab45b13a4b58d.js","size":5702},{"name":"styles.be080c95788555dc5951.css","size":40984},{"name":"framework-1a10a047a1ca9134f148.js","size":129939},{"name":"app-2188c650bed688d87d23.js","size":83917}],"filteredAssets":0,"assetsSize":260542,"filteredAuxiliaryAssets":6,"auxiliaryAssetsSize":3294551},"component---src-pages-404-js":{"name":"component---src-pages-404-js","assets":[{"name":"styles.be080c95788555dc5951.css","size":40984},{"name":"component---src-pages-404-js-b1d826305df046c2c918.js","size":3507}],"filteredAssets":0,"assetsSize":44491,"filteredAuxiliaryAssets":4,"auxiliaryAssetsSize":2566977},"component---src-pages-encuestas-js":{"name":"component---src-pages-encuestas-js","assets":[{"name":"styles.be080c95788555dc5951.css","size":40984},{"name":"component---src-pages-encuestas-js-1da26df7f7eb02bdbae0.js","size":161021}],"filteredAssets":0,"assetsSize":202005,"filteredAuxiliaryAssets":4,"auxiliaryAssetsSize":2813198},"component---src-pages-index-js":{"name":"component---src-pages-index-js","assets":[{"name":"styles.be080c95788555dc5951.css","size":40984},{"name":"ec20c0c3fdaf34f8582949a8ab11da5c455cfb2f-724932eec2e5ecb0db06.js","size":21403},{"name":"component---src-pages-index-js-461f051c64f02f860e94.js","size":79092}],"filteredAssets":0,"assetsSize":141479,"filteredAuxiliaryAssets":5,"auxiliaryAssetsSize":2752477},"component---src-pages-liberal-js":{"name":"component---src-pages-liberal-js","assets":[{"name":"styles.be080c95788555dc5951.css","size":40984},{"name":"ec20c0c3fdaf34f8582949a8ab11da5c455cfb2f-724932eec2e5ecb0db06.js","size":21403},{"name":"c58b961f2977925d54c4c474ccdca7c297a6bc4f-68b1970101a978214b02.js","size":29378},{"name":"afc073fa9bde1f807bb5cf2597568bc49d3d29e8-9dd5efe13ceaab0d31f1.js","size":60476},{"name":"component---src-pages-liberal-js-99f39ef2744bcc8e3a2e.js","size":213631}],"filteredAssets":0,"assetsSize":365872,"filteredAuxiliaryAssets":7,"auxiliaryAssetsSize":2987322},"component---src-pages-libre-js":{"name":"component---src-pages-libre-js","assets":[{"name":"styles.be080c95788555dc5951.css","size":40984},{"name":"ec20c0c3fdaf34f8582949a8ab11da5c455cfb2f-724932eec2e5ecb0db06.js","size":21403},{"name":"c58b961f2977925d54c4c474ccdca7c297a6bc4f-68b1970101a978214b02.js","size":29378},{"name":"afc073fa9bde1f807bb5cf2597568bc49d3d29e8-9dd5efe13ceaab0d31f1.js","size":60476},{"name":"5e1cd78a26169d9aa6599237f3ff07e07be164e1-0de6c0018bf4ec197f70.js","size":36467},{"name":"component---src-pages-libre-js-1ea5430986bad0417b07.js","size":175546}],"filteredAssets":0,"assetsSize":364254,"filteredAuxiliaryAssets":8,"auxiliaryAssetsSize":2988724},"component---src-pages-mapa-js":{"name":"component---src-pages-mapa-js","assets":[{"name":"styles.be080c95788555dc5951.css","size":40984},{"name":"cf4a5c7e-50d13e1e1ff6624a252c.js","size":220007},{"name":"component---src-pages-mapa-js-45aef9c9b28b595b4e5b.js","size":102209}],"filteredAssets":0,"assetsSize":363200,"filteredAuxiliaryAssets":5,"auxiliaryAssetsSize":3045450},"component---src-pages-nacional-js":{"name":"component---src-pages-nacional-js","assets":[{"name":"styles.be080c95788555dc5951.css","size":40984},{"name":"ec20c0c3fdaf34f8582949a8ab11da5c455cfb2f-724932eec2e5ecb0db06.js","size":21403},{"name":"c58b961f2977925d54c4c474ccdca7c297a6bc4f-68b1970101a978214b02.js","size":29378},{"name":"afc073fa9bde1f807bb5cf2597568bc49d3d29e8-9dd5efe13ceaab0d31f1.js","size":60476},{"name":"component---src-pages-nacional-js-9b7a35c540402fc54396.js","size":180475}],"filteredAssets":0,"assetsSize":332716,"filteredAuxiliaryAssets":7,"auxiliaryAssetsSize":2940229},"component---src-pages-partidos-js":{"name":"component---src-pages-partidos-js","assets":[{"name":"styles.be080c95788555dc5951.css","size":40984},{"name":"ec20c0c3fdaf34f8582949a8ab11da5c455cfb2f-724932eec2e5ecb0db06.js","size":21403},{"name":"component---src-pages-partidos-js-6ec29b545bbaff4bed32.js","size":6440}],"filteredAssets":0,"assetsSize":68827,"filteredAuxiliaryAssets":5,"auxiliaryAssetsSize":2644392},"component---src-pages-proyecciones-js":{"name":"component---src-pages-proyecciones-js","assets":[{"name":"styles.be080c95788555dc5951.css","size":40984},{"name":"component---src-pages-proyecciones-js-f8d3f0a8f214c0b1ac38.js","size":14480}],"filteredAssets":0,"assetsSize":55464,"filteredAuxiliaryAssets":4,"auxiliaryAssetsSize":2582410},"component---src-pages-psh-js":{"name":"component---src-pages-psh-js","assets":[{"name":"styles.be080c95788555dc5951.css","size":40984},{"name":"ec20c0c3fdaf34f8582949a8ab11da5c455cfb2f-724932eec2e5ecb0db06.js","size":21403},{"name":"c58b961f2977925d54c4c474ccdca7c297a6bc4f-68b1970101a978214b02.js","size":29378},{"name":"5e1cd78a26169d9aa6599237f3ff07e07be164e1-0de6c0018bf4ec197f70.js","size":36467},{"name":"component---src-pages-psh-js-e8f7ad8fad5ea201824b.js","size":15707}],"filteredAssets":0,"assetsSize":143939,"filteredAuxiliaryAssets":7,"auxiliaryAssetsSize":2773534}},"assetsByChunkName":{"polyfill":["webpack-runtime-a2ee93bab45b13a4b58d.js","polyfill-de64f5ce0719461fa308.js"],"app":["webpack-runtime-a2ee93bab45b13a4b58d.js","styles.be080c95788555dc5951.css","framework-1a10a047a1ca9134f148.js","app-2188c650bed688d87d23.js"],"component---src-pages-404-js":["styles.be080c95788555dc5951.css","component---src-pages-404-js-b1d826305df046c2c918.js"],"component---src-pages-encuestas-js":["styles.be080c95788555dc5951.css","component---src-pages-encuestas-js-1da26df7f7eb02bdbae0.js"],"component---src-pages-index-js":["styles.be080c95788555dc5951.css","ec20c0c3fdaf34f8582949a8ab11da5c455cfb2f-724932eec2e5ecb0db06.js","component---src-pages-index-js-461f051c64f02f860e94.js"],"component---src-pages-liberal-js":["styles.be080c95788555dc5951.css","ec20c0c3fdaf34f8582949a8ab11da5c455cfb2f-724932eec2e5ecb0db06.js","c58b961f2977925d54c4c474ccdca7c297a6bc4f-68b1970101a978214b02.js","afc073fa9bde1f807bb5cf2597568bc49d3d29e8-9dd5efe13ceaab0d31f1.js","component---src-pages-liberal-js-99f39ef2744bcc8e3a2e.js"],"component---src-pages-libre-js":["styles.be080c95788555dc5951.css","ec20c0c3fdaf34f8582949a8ab11da5c455cfb2f-724932eec2e5ecb0db06.js","c58b961f2977925d54c4c474ccdca7c297a6bc4f-68b1970101a978214b02.js","afc073fa9bde1f807bb5cf2597568bc49d3d29e8-9dd5efe13ceaab0d31f1.js","5e1cd78a26169d9aa6599237f3ff07e07be164e1-0de6c0018bf4ec197f70.js","component---src-pages-libre-js-1ea5430986bad0417b07.js"],"component---src-pages-mapa-js":["styles.be080c95788555dc5951.css","cf4a5c7e-50d13e1e1ff6624a252c.js","component---src-pages-mapa-js-45aef9c9b28b595b4e5b.js"],"component---src-pages-nacional-js":["styles.be080c95788555dc5951.css","ec20c0c3fdaf34f8582949a8ab11da5c455cfb2f-724932eec2e5ecb0db06.js","c58b961f2977925d54c4c474ccdca7c297a6bc4f-68b1970101a978214b02.js","afc073fa9bde1f807bb5cf2597568bc49d3d29e8-9dd5efe13ceaab0d31f1.js","component---src-pages-nacional-js-9b7a35c540402fc54396.js"],"component---src-pages-partidos-js":["styles.be080c95788555dc5951.css","ec20c0c3fdaf34f8582949a8ab11da5c455cfb2f-724932eec2e5ecb0db06.js","component---src-pages-partidos-js-6ec29b545bbaff4bed32.js"],"component---src-pages-proyecciones-js":["styles.be080c95788555dc5951.css","component---src-pages-proyecciones-js-f8d3f0a8f214c0b1ac38.js"],"component---src-pages-psh-js":["styles.be080c95788555dc5951.css","ec20c0c3fdaf34f8582949a8ab11da5c455cfb2f-724932eec2e5ecb0db06.js","c58b961f2977925d54c4c474ccdca7c297a6bc4f-68b1970101a978214b02.js","5e1cd78a26169d9aa6599237f3ff07e07be164e1-0de6c0018bf4ec197f70.js","component---src-pages-psh-js-e8f7ad8fad5ea201824b.js"]},"childAssetsByChunkName":{}}