{"namedChunkGroups":{"polyfill":{"name":"polyfill","assets":[{"name":"webpack-runtime-0cf86a382800713576d8.js","size":5597},{"name":"polyfill-de64f5ce0719461fa308.js","size":82602}],"filteredAssets":0,"assetsSize":88199,"filteredAuxiliaryAssets":2,"auxiliaryAssetsSize":222689},"app":{"name":"app","assets":[{"name":"webpack-runtime-0cf86a382800713576d8.js","size":5597},{"name":"styles.1ac49919a714fbb70114.css","size":35910},{"name":"framework-1a10a047a1ca9134f148.js","size":129939},{"name":"app-7feeb90a0001c477827f.js","size":81931}],"filteredAssets":0,"assetsSize":253377,"filteredAuxiliaryAssets":6,"auxiliaryAssetsSize":3290490},"component---src-pages-404-js":{"name":"component---src-pages-404-js","assets":[{"name":"styles.1ac49919a714fbb70114.css","size":35910},{"name":"component---src-pages-404-js-00ebf2483752fb19e699.js","size":3413}],"filteredAssets":0,"assetsSize":39323,"filteredAuxiliaryAssets":4,"auxiliaryAssetsSize":2566776},"component---src-pages-encuestas-js":{"name":"component---src-pages-encuestas-js","assets":[{"name":"styles.1ac49919a714fbb70114.css","size":35910},{"name":"component---src-pages-encuestas-js-d32f7eb1eded606cb969.js","size":14383}],"filteredAssets":0,"assetsSize":50293,"filteredAuxiliaryAssets":4,"auxiliaryAssetsSize":2582189},"component---src-pages-index-js":{"name":"component---src-pages-index-js","assets":[{"name":"styles.1ac49919a714fbb70114.css","size":35910},{"name":"ec20c0c3fdaf34f8582949a8ab11da5c455cfb2f-aeca5c1110dbae4ed256.js","size":21297},{"name":"component---src-pages-index-js-f9cefd8192b0a5654140.js","size":61530}],"filteredAssets":0,"assetsSize":118737,"filteredAuxiliaryAssets":5,"auxiliaryAssetsSize":2729407},"component---src-pages-liberal-js":{"name":"component---src-pages-liberal-js","assets":[{"name":"styles.1ac49919a714fbb70114.css","size":35910},{"name":"ec20c0c3fdaf34f8582949a8ab11da5c455cfb2f-aeca5c1110dbae4ed256.js","size":21297},{"name":"c58b961f2977925d54c4c474ccdca7c297a6bc4f-0d8daeb09b45075060d3.js","size":29378},{"name":"afc073fa9bde1f807bb5cf2597568bc49d3d29e8-9dd5efe13ceaab0d31f1.js","size":60476},{"name":"component---src-pages-liberal-js-bbc4b3e3aa1a398b8ed3.js","size":200295}],"filteredAssets":0,"assetsSize":347356,"filteredAuxiliaryAssets":7,"auxiliaryAssetsSize":2977319},"component---src-pages-libre-js":{"name":"component---src-pages-libre-js","assets":[{"name":"styles.1ac49919a714fbb70114.css","size":35910},{"name":"ec20c0c3fdaf34f8582949a8ab11da5c455cfb2f-aeca5c1110dbae4ed256.js","size":21297},{"name":"c58b961f2977925d54c4c474ccdca7c297a6bc4f-0d8daeb09b45075060d3.js","size":29378},{"name":"afc073fa9bde1f807bb5cf2597568bc49d3d29e8-9dd5efe13ceaab0d31f1.js","size":60476},{"name":"5e1cd78a26169d9aa6599237f3ff07e07be164e1-0de6c0018bf4ec197f70.js","size":36467},{"name":"component---src-pages-libre-js-a93c3924add88e1b5fb1.js","size":187715}],"filteredAssets":0,"assetsSize":371243,"filteredAuxiliaryAssets":8,"auxiliaryAssetsSize":2989946},"component---src-pages-nacional-js":{"name":"component---src-pages-nacional-js","assets":[{"name":"styles.1ac49919a714fbb70114.css","size":35910},{"name":"ec20c0c3fdaf34f8582949a8ab11da5c455cfb2f-aeca5c1110dbae4ed256.js","size":21297},{"name":"c58b961f2977925d54c4c474ccdca7c297a6bc4f-0d8daeb09b45075060d3.js","size":29378},{"name":"afc073fa9bde1f807bb5cf2597568bc49d3d29e8-9dd5efe13ceaab0d31f1.js","size":60476},{"name":"component---src-pages-nacional-js-5bd9861194c2ae17deaa.js","size":180526}],"filteredAssets":0,"assetsSize":327587,"filteredAuxiliaryAssets":7,"auxiliaryAssetsSize":2940078},"component---src-pages-partidos-js":{"name":"component---src-pages-partidos-js","assets":[{"name":"styles.1ac49919a714fbb70114.css","size":35910},{"name":"ec20c0c3fdaf34f8582949a8ab11da5c455cfb2f-aeca5c1110dbae4ed256.js","size":21297},{"name":"component---src-pages-partidos-js-4a9a1e931502eeff8cef.js","size":6283}],"filteredAssets":0,"assetsSize":63490,"filteredAuxiliaryAssets":5,"auxiliaryAssetsSize":2644176},"component---src-pages-proyecciones-js":{"name":"component---src-pages-proyecciones-js","assets":[{"name":"styles.1ac49919a714fbb70114.css","size":35910},{"name":"component---src-pages-proyecciones-js-4e0a92d85aee85a6ecbc.js","size":14386}],"filteredAssets":0,"assetsSize":50296,"filteredAuxiliaryAssets":4,"auxiliaryAssetsSize":2582209},"component---src-pages-psh-js":{"name":"component---src-pages-psh-js","assets":[{"name":"styles.1ac49919a714fbb70114.css","size":35910},{"name":"ec20c0c3fdaf34f8582949a8ab11da5c455cfb2f-aeca5c1110dbae4ed256.js","size":21297},{"name":"c58b961f2977925d54c4c474ccdca7c297a6bc4f-0d8daeb09b45075060d3.js","size":29378},{"name":"5e1cd78a26169d9aa6599237f3ff07e07be164e1-0de6c0018bf4ec197f70.js","size":36467},{"name":"component---src-pages-psh-js-e0038e7b66c8482bd0dc.js","size":15727}],"filteredAssets":0,"assetsSize":138779,"filteredAuxiliaryAssets":7,"auxiliaryAssetsSize":2773356}},"assetsByChunkName":{"polyfill":["webpack-runtime-0cf86a382800713576d8.js","polyfill-de64f5ce0719461fa308.js"],"app":["webpack-runtime-0cf86a382800713576d8.js","styles.1ac49919a714fbb70114.css","framework-1a10a047a1ca9134f148.js","app-7feeb90a0001c477827f.js"],"component---src-pages-404-js":["styles.1ac49919a714fbb70114.css","component---src-pages-404-js-00ebf2483752fb19e699.js"],"component---src-pages-encuestas-js":["styles.1ac49919a714fbb70114.css","component---src-pages-encuestas-js-d32f7eb1eded606cb969.js"],"component---src-pages-index-js":["styles.1ac49919a714fbb70114.css","ec20c0c3fdaf34f8582949a8ab11da5c455cfb2f-aeca5c1110dbae4ed256.js","component---src-pages-index-js-f9cefd8192b0a5654140.js"],"component---src-pages-liberal-js":["styles.1ac49919a714fbb70114.css","ec20c0c3fdaf34f8582949a8ab11da5c455cfb2f-aeca5c1110dbae4ed256.js","c58b961f2977925d54c4c474ccdca7c297a6bc4f-0d8daeb09b45075060d3.js","afc073fa9bde1f807bb5cf2597568bc49d3d29e8-9dd5efe13ceaab0d31f1.js","component---src-pages-liberal-js-bbc4b3e3aa1a398b8ed3.js"],"component---src-pages-libre-js":["styles.1ac49919a714fbb70114.css","ec20c0c3fdaf34f8582949a8ab11da5c455cfb2f-aeca5c1110dbae4ed256.js","c58b961f2977925d54c4c474ccdca7c297a6bc4f-0d8daeb09b45075060d3.js","afc073fa9bde1f807bb5cf2597568bc49d3d29e8-9dd5efe13ceaab0d31f1.js","5e1cd78a26169d9aa6599237f3ff07e07be164e1-0de6c0018bf4ec197f70.js","component---src-pages-libre-js-a93c3924add88e1b5fb1.js"],"component---src-pages-nacional-js":["styles.1ac49919a714fbb70114.css","ec20c0c3fdaf34f8582949a8ab11da5c455cfb2f-aeca5c1110dbae4ed256.js","c58b961f2977925d54c4c474ccdca7c297a6bc4f-0d8daeb09b45075060d3.js","afc073fa9bde1f807bb5cf2597568bc49d3d29e8-9dd5efe13ceaab0d31f1.js","component---src-pages-nacional-js-5bd9861194c2ae17deaa.js"],"component---src-pages-partidos-js":["styles.1ac49919a714fbb70114.css","ec20c0c3fdaf34f8582949a8ab11da5c455cfb2f-aeca5c1110dbae4ed256.js","component---src-pages-partidos-js-4a9a1e931502eeff8cef.js"],"component---src-pages-proyecciones-js":["styles.1ac49919a714fbb70114.css","component---src-pages-proyecciones-js-4e0a92d85aee85a6ecbc.js"],"component---src-pages-psh-js":["styles.1ac49919a714fbb70114.css","ec20c0c3fdaf34f8582949a8ab11da5c455cfb2f-aeca5c1110dbae4ed256.js","c58b961f2977925d54c4c474ccdca7c297a6bc4f-0d8daeb09b45075060d3.js","5e1cd78a26169d9aa6599237f3ff07e07be164e1-0de6c0018bf4ec197f70.js","component---src-pages-psh-js-e0038e7b66c8482bd0dc.js"]},"childAssetsByChunkName":{}}