{"namedChunkGroups":{"polyfill":{"name":"polyfill","assets":[{"name":"webpack-runtime-8cc6bda03cdac29c64db.js","size":5597},{"name":"polyfill-de64f5ce0719461fa308.js","size":82602}],"filteredAssets":0,"assetsSize":88199,"filteredAuxiliaryAssets":2,"auxiliaryAssetsSize":222689},"app":{"name":"app","assets":[{"name":"webpack-runtime-8cc6bda03cdac29c64db.js","size":5597},{"name":"styles.9039108c68fe02f5b354.css","size":39756},{"name":"framework-1a10a047a1ca9134f148.js","size":129939},{"name":"app-b411e166a0b32c43f643.js","size":81931}],"filteredAssets":0,"assetsSize":257223,"filteredAuxiliaryAssets":6,"auxiliaryAssetsSize":3290490},"component---src-pages-404-js":{"name":"component---src-pages-404-js","assets":[{"name":"styles.9039108c68fe02f5b354.css","size":39756},{"name":"component---src-pages-404-js-00ebf2483752fb19e699.js","size":3413}],"filteredAssets":0,"assetsSize":43169,"filteredAuxiliaryAssets":4,"auxiliaryAssetsSize":2566776},"component---src-pages-encuestas-js":{"name":"component---src-pages-encuestas-js","assets":[{"name":"styles.9039108c68fe02f5b354.css","size":39756},{"name":"component---src-pages-encuestas-js-24fb95278c2b7a1faa57.js","size":110206}],"filteredAssets":0,"assetsSize":149962,"filteredAuxiliaryAssets":4,"auxiliaryAssetsSize":2706163},"component---src-pages-index-js":{"name":"component---src-pages-index-js","assets":[{"name":"styles.9039108c68fe02f5b354.css","size":39756},{"name":"ec20c0c3fdaf34f8582949a8ab11da5c455cfb2f-aeca5c1110dbae4ed256.js","size":21297},{"name":"component---src-pages-index-js-f9cefd8192b0a5654140.js","size":61530}],"filteredAssets":0,"assetsSize":122583,"filteredAuxiliaryAssets":5,"auxiliaryAssetsSize":2729407},"component---src-pages-liberal-js":{"name":"component---src-pages-liberal-js","assets":[{"name":"styles.9039108c68fe02f5b354.css","size":39756},{"name":"ec20c0c3fdaf34f8582949a8ab11da5c455cfb2f-aeca5c1110dbae4ed256.js","size":21297},{"name":"c58b961f2977925d54c4c474ccdca7c297a6bc4f-0d8daeb09b45075060d3.js","size":29378},{"name":"afc073fa9bde1f807bb5cf2597568bc49d3d29e8-9dd5efe13ceaab0d31f1.js","size":60476},{"name":"component---src-pages-liberal-js-e02d9353e1c090b94785.js","size":200419}],"filteredAssets":0,"assetsSize":351326,"filteredAuxiliaryAssets":7,"auxiliaryAssetsSize":2977225},"component---src-pages-libre-js":{"name":"component---src-pages-libre-js","assets":[{"name":"styles.9039108c68fe02f5b354.css","size":39756},{"name":"ec20c0c3fdaf34f8582949a8ab11da5c455cfb2f-aeca5c1110dbae4ed256.js","size":21297},{"name":"c58b961f2977925d54c4c474ccdca7c297a6bc4f-0d8daeb09b45075060d3.js","size":29378},{"name":"afc073fa9bde1f807bb5cf2597568bc49d3d29e8-9dd5efe13ceaab0d31f1.js","size":60476},{"name":"5e1cd78a26169d9aa6599237f3ff07e07be164e1-0de6c0018bf4ec197f70.js","size":36467},{"name":"component---src-pages-libre-js-d399efa7791f4b61a53b.js","size":175556}],"filteredAssets":0,"assetsSize":362930,"filteredAuxiliaryAssets":8,"auxiliaryAssetsSize":2988572},"component---src-pages-nacional-js":{"name":"component---src-pages-nacional-js","assets":[{"name":"styles.9039108c68fe02f5b354.css","size":39756},{"name":"ec20c0c3fdaf34f8582949a8ab11da5c455cfb2f-aeca5c1110dbae4ed256.js","size":21297},{"name":"c58b961f2977925d54c4c474ccdca7c297a6bc4f-0d8daeb09b45075060d3.js","size":29378},{"name":"afc073fa9bde1f807bb5cf2597568bc49d3d29e8-9dd5efe13ceaab0d31f1.js","size":60476},{"name":"component---src-pages-nacional-js-e24fde08491a1f4c3a68.js","size":135853}],"filteredAssets":0,"assetsSize":286760,"filteredAuxiliaryAssets":7,"auxiliaryAssetsSize":2914482},"component---src-pages-partidos-js":{"name":"component---src-pages-partidos-js","assets":[{"name":"styles.9039108c68fe02f5b354.css","size":39756},{"name":"ec20c0c3fdaf34f8582949a8ab11da5c455cfb2f-aeca5c1110dbae4ed256.js","size":21297},{"name":"component---src-pages-partidos-js-4a9a1e931502eeff8cef.js","size":6283}],"filteredAssets":0,"assetsSize":67336,"filteredAuxiliaryAssets":5,"auxiliaryAssetsSize":2644176},"component---src-pages-proyecciones-js":{"name":"component---src-pages-proyecciones-js","assets":[{"name":"styles.9039108c68fe02f5b354.css","size":39756},{"name":"component---src-pages-proyecciones-js-4f657b5cfa64fd189e9d.js","size":14386}],"filteredAssets":0,"assetsSize":54142,"filteredAuxiliaryAssets":4,"auxiliaryAssetsSize":2582209},"component---src-pages-psh-js":{"name":"component---src-pages-psh-js","assets":[{"name":"styles.9039108c68fe02f5b354.css","size":39756},{"name":"ec20c0c3fdaf34f8582949a8ab11da5c455cfb2f-aeca5c1110dbae4ed256.js","size":21297},{"name":"c58b961f2977925d54c4c474ccdca7c297a6bc4f-0d8daeb09b45075060d3.js","size":29378},{"name":"5e1cd78a26169d9aa6599237f3ff07e07be164e1-0de6c0018bf4ec197f70.js","size":36467},{"name":"component---src-pages-psh-js-e0038e7b66c8482bd0dc.js","size":15727}],"filteredAssets":0,"assetsSize":142625,"filteredAuxiliaryAssets":7,"auxiliaryAssetsSize":2773356}},"assetsByChunkName":{"polyfill":["webpack-runtime-8cc6bda03cdac29c64db.js","polyfill-de64f5ce0719461fa308.js"],"app":["webpack-runtime-8cc6bda03cdac29c64db.js","styles.9039108c68fe02f5b354.css","framework-1a10a047a1ca9134f148.js","app-b411e166a0b32c43f643.js"],"component---src-pages-404-js":["styles.9039108c68fe02f5b354.css","component---src-pages-404-js-00ebf2483752fb19e699.js"],"component---src-pages-encuestas-js":["styles.9039108c68fe02f5b354.css","component---src-pages-encuestas-js-24fb95278c2b7a1faa57.js"],"component---src-pages-index-js":["styles.9039108c68fe02f5b354.css","ec20c0c3fdaf34f8582949a8ab11da5c455cfb2f-aeca5c1110dbae4ed256.js","component---src-pages-index-js-f9cefd8192b0a5654140.js"],"component---src-pages-liberal-js":["styles.9039108c68fe02f5b354.css","ec20c0c3fdaf34f8582949a8ab11da5c455cfb2f-aeca5c1110dbae4ed256.js","c58b961f2977925d54c4c474ccdca7c297a6bc4f-0d8daeb09b45075060d3.js","afc073fa9bde1f807bb5cf2597568bc49d3d29e8-9dd5efe13ceaab0d31f1.js","component---src-pages-liberal-js-e02d9353e1c090b94785.js"],"component---src-pages-libre-js":["styles.9039108c68fe02f5b354.css","ec20c0c3fdaf34f8582949a8ab11da5c455cfb2f-aeca5c1110dbae4ed256.js","c58b961f2977925d54c4c474ccdca7c297a6bc4f-0d8daeb09b45075060d3.js","afc073fa9bde1f807bb5cf2597568bc49d3d29e8-9dd5efe13ceaab0d31f1.js","5e1cd78a26169d9aa6599237f3ff07e07be164e1-0de6c0018bf4ec197f70.js","component---src-pages-libre-js-d399efa7791f4b61a53b.js"],"component---src-pages-nacional-js":["styles.9039108c68fe02f5b354.css","ec20c0c3fdaf34f8582949a8ab11da5c455cfb2f-aeca5c1110dbae4ed256.js","c58b961f2977925d54c4c474ccdca7c297a6bc4f-0d8daeb09b45075060d3.js","afc073fa9bde1f807bb5cf2597568bc49d3d29e8-9dd5efe13ceaab0d31f1.js","component---src-pages-nacional-js-e24fde08491a1f4c3a68.js"],"component---src-pages-partidos-js":["styles.9039108c68fe02f5b354.css","ec20c0c3fdaf34f8582949a8ab11da5c455cfb2f-aeca5c1110dbae4ed256.js","component---src-pages-partidos-js-4a9a1e931502eeff8cef.js"],"component---src-pages-proyecciones-js":["styles.9039108c68fe02f5b354.css","component---src-pages-proyecciones-js-4f657b5cfa64fd189e9d.js"],"component---src-pages-psh-js":["styles.9039108c68fe02f5b354.css","ec20c0c3fdaf34f8582949a8ab11da5c455cfb2f-aeca5c1110dbae4ed256.js","c58b961f2977925d54c4c474ccdca7c297a6bc4f-0d8daeb09b45075060d3.js","5e1cd78a26169d9aa6599237f3ff07e07be164e1-0de6c0018bf4ec197f70.js","component---src-pages-psh-js-e0038e7b66c8482bd0dc.js"]},"childAssetsByChunkName":{}}